{"train_acc": [0.7428051001821494, 0.8083788706739526, 0.82040072859745, 0.8287795992714025, 0.8276867030965391, 0.8437158469945355, 0.8491803278688524, 0.8542805100182149, 0.8524590163934426, 0.8506375227686703, 0.8506375227686703, 0.8568306010928962, 0.8542805100182149], "val_acc": [0.7733333333333333, 0.7711111111111111, 0.7811111111111111, 0.78, 0.7944444444444444, 0.79, 0.7966666666666666, 0.7955555555555556, 0.7922222222222223, 0.7955555555555556, 0.7922222222222223, 0.7822222222222223, 0.78], "train_loss": [0.5179040097908026, 0.41548303024799227, 0.39150379090578397, 0.37321831962884233, 0.36215658960880914, 0.35913087631183893, 0.34136875197969935, 0.332848028580782, 0.3345247370406361, 0.3349123079811506, 0.32396937489292443, 0.3194570306220341, 0.3083422939742632], "val_loss": [0.4679073402616713, 0.4521053801642524, 0.4377493402693007, 0.43199775801764595, 0.43003634611765545, 0.4317860984802246, 0.4391152270634969, 0.42815965440538195, 0.43878505335913764, 0.4330195098453098, 0.4398943519592285, 0.44623119566175673, 0.4390440644158257]}